id,first_name,last_name,email,gender,ip_address
1,Ina,Stapleford,istapleford0@stanford.edu,Female,60.143.178.144
2,Romeo,Pickston,rpickston1@arizona.edu,Male,86.170.140.61
3,Thorsten,Botwright,tbotwright2@oracle.com,Male,189.136.67.178
4,Aryn,Aggas,aaggas3@washingtonpost.com,Female,94.201.0.140
5,Frasier,Tratton,ftratton4@virginia.edu,Male,225.179.68.191
6,Claresta,Dowsett,cdowsett5@so-net.ne.jp,Female,181.242.113.58
7,Krysta,Moughton,kmoughton6@ebay.com,Female,20.150.37.214
8,Irvin,De Michetti,idemichetti7@japanpost.jp,Male,225.53.145.105
9,Nobe,Akister,nakister8@soup.io,Male,182.83.57.248
10,Liliane,Schrinel,lschrinel9@uiuc.edu,Female,41.37.168.84
11,Margery,Abotson,mabotsona@ning.com,Female,32.212.34.181
12,Tab,Seymer,tseymerb@blinklist.com,Male,117.73.238.141
13,Cris,Clurow,cclurowc@dmoz.org,Female,185.38.203.214
14,Caryl,Yurchenko,cyurchenkod@earthlink.net,Male,103.107.42.100
15,Ralph,Castello,rcastelloe@toplist.cz,Male,157.214.150.193
16,Hedvig,Kubica,hkubicaf@live.com,Female,57.32.53.223
17,Parrnell,Pally,ppallyg@yandex.ru,Male,249.143.207.60
18,Therine,Shetliff,tshetliffh@techcrunch.com,Female,238.158.90.244
19,Carver,McLenahan,cmclenahani@sun.com,Male,46.96.48.5
20,Renell,Girvan,rgirvanj@dropbox.com,Female,51.104.22.145
21,Ilise,Tofanelli,itofanellik@nymag.com,Female,90.132.155.203
22,Wait,Hallet,whalletl@hc360.com,Male,166.60.99.43
23,Benyamin,Mosdell,bmosdellm@topsy.com,Male,215.92.122.133
24,Norene,Snaddin,nsnaddinn@businesswire.com,Female,49.129.178.92
25,Lind,Wissbey,lwissbeyo@jimdo.com,Female,138.25.232.180
26,Diarmid,Bygrove,dbygrovep@bbc.co.uk,Male,177.199.28.93
27,Donny,Lamblin,dlamblinq@berkeley.edu,Male,69.5.35.136
28,Brett,Chomicz,bchomiczr@boston.com,Male,2.111.223.174
29,Jeralee,Markos,jmarkoss@de.vu,Female,43.8.142.186
30,Franni,Ponten,fpontent@last.fm,Female,226.1.79.160
